Workbook

Sheet Teams
A2: Team ID | B2: Team Name | C2: Country | D2: Organization
A3: 26-0188 | B3: ByteMe | C3: Austria | D3: HTL Wiener Neustadt/F-WuTS
A4: 26-0340 | B4: Failure Management | C4: United States of America | D4: The Rhoades Middle School
A5: 26-0367 | B5: ProbablyLast | C5: Austria | D5: TGM
A6: 26-0397 | B6: Botbusters Saalfelden | C6: Austria | D6: HTL Saalfelden
A7: 26-0602 | B7: Cheese Wizards | C7: Austria | D7: HTL Wiener Neustadt/F-WuTS
A8: 26-0603 | B8: TechSupport | C8: Austria | D8: HTL Wiener Neustadt/F-WuTS
A9: 26-0604 | B9: AXHT3085/3 | C9: Austria | D9: HTL St. Pölten
A10: 26-0610 | B10: Die Hackler | C10: Austria | D10: HTL Anichstraße
A11: 26-0617 | B11: Lord of the Bots | C11: Austria | D11: TGM
A12: 26-0620 | B12: Pfuscher | C12: Austria | D12: HTL Anichstraße
A13: 26-0622 | B13: Teamname to be announced | C13: Austria | D13: HTL Dornbirn
... A55: JBC-014 | B55: EMS Prinzersdorf 2 | C55: Austria | D55: EMS Prinzersdorf
A57: Team ID | B57: Team Name
A58: AL-0001 | B58: roboDIC & cursedBytes
A59: AL-0002 | B59: Pfuscher & Failure Management
A60: AL-0003 | B60: Die Hackler & NotImplementedException
A61: AL-0004 | B61: Hammered Screws & Cyber Warrior III
A62: AL-0005 | B62: Lord of the Bots & tracer
A63: AL-0006 | B63: Teamname to be announced & Abmeldekommando
A64: AL-0007 | B64: LiTec-3ABHIT & Titan

Sheet Botball & Open
A2: Team ID | B2: Team Name | C2: Seeding 1 | D2: Seeding 2 | E2: Seeding 3 | F2: Seeding Total | G2: Seeding Rank | H2: Seeding Score | I2: DE Rank | J2: DE Score | K2: Paper | L2: Paper Score | M2: Paper Rank | N2: Doc P1 | O2: Doc P2 | P2: Doc P3 | Q2: Onsite | R2: Doc Score | S2: Doc+Paper Score | T2: Doc+Paper Rank | U2: Overall Score | V2: Overall Rank
A3: =Teams!A3 -> 26-0188 | B3: {=_xlfn.XLOOKUP(A3,Botball[Team ID],Botball[Team Name], "")} -> ByteMe | C3: 330 | D3: 1311 | E3: 1653 | F3: =IFERROR(__xludf.DUMMYFUNCTION("AVERAGE(QUERY(TRANSPOSE(C3:E3), ""SELECT * ORDER BY Col1 DESC LIMIT 2""))"),1482.0) -> 1482 | G3: =RANK(F3,Botball_Scores[Seeding Total]) -> 2 | H3: =3/4*(1-(G3-1)/COUNTA(Botball_Scores[Team ID])) + 1/4*F3/MAX(Botball_Scores[[Seeding 1]:[Seeding 3]]) -> 0.80409451 | I3: 2 | J3: =(COUNT(Botball_Scores[DE Rank])-I3+1)/COUNT(Botball_Scores[DE Rank]) -> 0.94444444 | K3: 86 | L3: =K3/100 -> 0.86 | M3: {=RANK(L3,{Botball_Scores[Paper Score];Open_Scores[Paper Score]})} -> 7 | N3: 54 | O3: 85 | P3: 94 | R3: =N3/54*1/3 + O3/85*1/3 + P3/94*1/3 -> 1 | S3: =L3*0.5 + R3*0.5 -> 0.93 | T3: =RANK(S3,Botball_Scores[Doc+Paper Score]) -> 3 | U3: =H3 + J3 + S3 -> 2.678539 | V3: =RANK(U3,Botball_Scores[Overall Score]) -> 2
A4: =Teams!A4 -> 26-0340 | B4: {=_xlfn.XLOOKUP(A4,Botball[Team ID],Botball[Team Name], "")} -> Failure Management | C4: 21 | D4: 0 | E4: 2476 | F4: =IFERROR(__xludf.DUMMYFUNCTION("AVERAGE(QUERY(TRANSPOSE(C4:E4), ""SELECT * ORDER BY Col1 DESC LIMIT 2""))"),1248.5) -> 1248.5 | G4: =RANK(F4,Botball_Scores[Seeding Total]) -> 3 | H4: =3/4*(1-(G4-1)/COUNTA(Botball_Scores[Team ID])) + 1/4*F4/MAX(Botball_Scores[[Seeding 1]:[Seeding 3]]) -> 0.74733997 | I4: 9 | J4: =(COUNT(Botball_Scores[DE Rank])-I4+1)/COUNT(Botball_Scores[DE Rank]) -> 0.55555556 | K4: 58.5 | L4: =K4/100 -> 0.585 | M4: {=RANK(L4,{Botball_Scores[Paper Score];Open_Scores[Paper Score]})} -> 14 | R4: =N4/54*1/3 + O4/85*1/3 + P4/94*1/3 -> 0 | S4: =L4*0.5 + R4*0.5 -> 0.2925 | T4: =RANK(S4,Botball_Scores[Doc+Paper Score]) -> 10 | U4: =H4 + J4 + S4 -> 1.5953955 | V4: =RANK(U4,Botball_Scores[Overall Score]) -> 9
A5: =Teams!A5 -> 26-0367 | B5: {=_xlfn.XLOOKUP(A5,Botball[Team ID],Botball[Team Name], "")} -> ProbablyLast | C5: 28 | D5: 242 | E5: 153 | F5: =IFERROR(__xludf.DUMMYFUNCTION("AVERAGE(QUERY(TRANSPOSE(C5:E5), ""SELECT * ORDER BY Col1 DESC LIMIT 2""))"),197.5) -> 197.5 | G5: =RANK(F5,Botball_Scores[Seeding Total]) -> 8 | H5: =3/4*(1-(G5-1)/COUNTA(Botball_Scores[Team ID])) + 1/4*F5/MAX(Botball_Scores[[Seeding 1]:[Seeding 3]]) -> 0.47109503 | I5: 3 | J5: =(COUNT(Botball_Scores[DE Rank])-I5+1)/COUNT(Botball_Scores[DE Rank]) -> 0.88888889 | L5: =K5/100 -> 0 | M5: {=RANK(L5,{Botball_Scores[Paper Score];Open_Scores[Paper Score]})} -> 18 | N5: 4 | O5: 85 | P5: 60 | R5: =N5/54*1/3 + O5/85*1/3 + P5/94*1/3 -> 0.57079065 | S5: =L5*0.5 + R5*0.5 -> 0.28539532 | T5: =RANK(S5,Botball_Scores[Doc+Paper Score]) -> 11 | U5: =H5 + J5 + S5 -> 1.6453792 | V5: =RANK(U5,Botball_Scores[Overall Score]) -> 8
A6: =Teams!A6 -> 26-0397 | B6: {=_xlfn.XLOOKUP(A6,Botball[Team ID],Botball[Team Name], "")} -> Botbusters Saalfelden | C6: 29 | D6: 254 | E6: 397 | F6: =IFERROR(__xludf.DUMMYFUNCTION("AVERAGE(QUERY(TRANSPOSE(C6:E6), ""SELECT * ORDER BY Col1 DESC LIMIT 2""))"),325.5) -> 325.5 | G6: =RANK(F6,Botball_Scores[Seeding Total]) -> 6 | H6: =3/4*(1-(G6-1)/COUNTA(Botball_Scores[Team ID])) + 1/4*F6/MAX(Botball_Scores[[Seeding 1]:[Seeding 3]]) -> 0.56269923 | I6: 7 | J6: =(COUNT(Botball_Scores[DE Rank])-I6+1)/COUNT(Botball_Scores[DE Rank]) -> 0.66666667 | K6: 73.5 | L6: =K6/100 -> 0.735 | M6: {=RANK(L6,{Botball_Scores[Paper Score];Open_Scores[Paper Score]})} -> 10 | N6: 52 | O6: 85 | P6: 60 | R6: =N6/54*1/3 + O6/85*1/3 + P6/94*1/3 -> 0.86708695 | S6: =L6*0.5 + R6*0.5 -> 0.80104347 | T6: =RANK(S6,Botball_Scores[Doc+Paper Score]) -> 6 | U6: =H6 + J6 + S6 -> 2.0304094 | V6: =RANK(U6,Botball_Scores[Overall Score]) -> 6
A7: =Teams!A7 -> 26-0602 | B7: {=_xlfn.XLOOKUP(A7,Botball[Team ID],Botball[Team Name], "")} -> Cheese Wizards | C7: 53 | D7: 914 | E7: 243 | F7: =IFERROR(__xludf.DUMMYFUNCTION("AVERAGE(QUERY(TRANSPOSE(C7:E7), ""SELECT * ORDER BY Col1 DESC LIMIT 2""))"),578.5) -> 578.5 | G7: =RANK(F7,Botball_Scores[Seeding Total]) -> 5 | H7: =3/4*(1-(G7-1)/COUNTA(Botball_Scores[Team ID])) + 1/4*F7/MAX(Botball_Scores[[Seeding 1]:[Seeding 3]]) -> 0.62071379 | I7: 7 | J7: =(COUNT(Botball_Scores[DE Rank])-I7+1)/COUNT(Botball_Scores[DE Rank]) -> 0.66666667 | K7: 56 | L7: =K7/100 -> 0.56 | M7: {=RANK(L7,{Botball_Scores[Paper Score];Open_Scores[Paper Score]})} -> 15 | N7: 54 | O7: 85 | P7: 94 | R7: =N7/54*1/3 + O7/85*1/3 + P7/94*1/3 -> 1 | S7: =L7*0.5 + R7*0.5 -> 0.78 | T7: =RANK(S7,Botball_Scores[Doc+Paper Score]) -> 7 | U7: =H7 + J7 + S7 -> 2.0673805 | V7: =RANK(U7,Botball_Scores[Overall Score]) -> 5
A8: =Teams!A8 -> 26-0603 | B8: {=_xlfn.XLOOKUP(A8,Botball[Team ID],Botball[Team Name], "")} -> TechSupport | C8: 807 | D8: 179 | E8: 3869 | F8: =IFERROR(__xludf.DUMMYFUNCTION("AVERAGE(QUERY(TRANSPOSE(C8:E8), ""SELECT * ORDER BY Col1 DESC LIMIT 2""))"),2338.0) -> 2338 | G8: =RANK(F8,Botball_Scores[Seeding Total]) -> 1 | H8: =3/4*(1-(G8-1)/COUNTA(Botball_Scores[Team ID])) + 1/4*F8/MAX(Botball_Scores[[Seeding 1]:[Seeding 3]]) -> 0.90107263 | I8: 1 | J8: =(COUNT(Botball_Scores[DE Rank])-I8+1)/COUNT(Botball_Scores[DE Rank]) -> 1 | K8: 94.5 | L8: =K8/100 -> 0.945 | M8: {=RANK(L8,{Botball_Scores[Paper Score];Open_Scores[Paper Score]})} -> 4 | N8: 54 | O8: 85 | P8: 60 | R8: =N8/54*1/3 + O8/85*1/3 + P8/94*1/3 -> 0.87943262 | S8: =L8*0.5 + R8*0.5 -> 0.91221631 | T8: =RANK(S8,Botball_Scores[Doc+Paper Score]) -> 4 | U8: =H8 + J8 + S8 -> 2.8132889 | V8: =RANK(U8,Botball_Scores[Overall Score]) -> 1
A9: =Teams!A9 -> 26-0604 | B9: {=_xlfn.XLOOKUP(A9,Botball[Team ID],Botball[Team Name], "")} -> AXHT3085/3 | C9: 860 | D9: 1153 | E9: 804 | F9: =IFERROR(__xludf.DUMMYFUNCTION("AVERAGE(QUERY(TRANSPOSE(C9:E9), ""SELECT * ORDER BY Col1 DESC LIMIT 2""))"),1006.5) -> 1006.5 | G9: =RANK(F9,Botball_Scores[Seeding Total]) -> 4 | H9: =3/4*(1-(G9-1)/COUNTA(Botball_Scores[Team ID])) + 1/4*F9/MAX(Botball_Scores[[Seeding 1]:[Seeding 3]]) -> 0.69003619 | I9: 5 | J9: =(COUNT(Botball_Scores[DE Rank])-I9+1)/COUNT(Botball_Scores[DE Rank]) -> 0.77777778 | K9: 100 | L9: =K9/100 -> 1 | M9: {=RANK(L9,{Botball_Scores[Paper Score];Open_Scores[Paper Score]})} -> 1 | N9: 54 | O9: 85 | P9: 94 | R9: =N9/54*1/3 + O9/85*1/3 + P9/94*1/3 -> 1 | S9: =L9*0.5 + R9*0.5 -> 1 | T9: =RANK(S9,Botball_Scores[Doc+Paper Score]) -> 1 | U9: =H9 + J9 + S9 -> 2.467814 | V9: =RANK(U9,Botball_Scores[Overall Score]) -> 3
A10: =Teams!A10 -> 26-0610 | B10: {=_xlfn.XLOOKUP(A10,Botball[Team ID],Botball[Team Name], "")} -> Die Hackler | C10: 0 | D10: 142 | E10: 184 | F10: =IFERROR(__xludf.DUMMYFUNCTION("AVERAGE(QUERY(TRANSPOSE(C10:E10), ""SELECT * ORDER BY Col1 DESC LIMIT 2""))"),163.0) -> 163 | G10: =RANK(F10,Botball_Scores[Seeding Total]) -> 9 | H10: =3/4*(1-(G10-1)/COUNTA(Botball_Scores[Team ID])) + 1/4*F10/MAX(Botball_Scores[[Seeding 1]:[Seeding 3]]) -> 0.4271991 | I10: 13 | J10: =(COUNT(Botball_Scores[DE Rank])-I10+1)/COUNT(Botball_Scores[DE Rank]) -> 0.33333333 | L10: =K10/100 -> 0 | M10: {=RANK(L10,{Botball_Scores[Paper Score];Open_Scores[Paper Score]})} -> 18 | N10: 4 | R10: =N10/54*1/3 + O10/85*1/3 + P10/94*1/3 -> 0.024691358 | S10: =L10*0.5 + R10*0.5 -> 0.012345679 | T10: =RANK(S10,Botball_Scores[Doc+Paper Score]) -> 13 | U10: =H10 + J10 + S10 -> 0.77287812 | V10: =RANK(U10,Botball_Scores[Overall Score]) -> 14
A11: =Teams!A11 -> 26-0617 | B11: {=_xlfn.XLOOKUP(A11,Botball[Team ID],Botball[Team Name], "")} -> Lord of the Bots | C11: 20 | D11: 0 | E11: 145 | F11: =IFERROR(__xludf.DUMMYFUNCTION("AVERAGE(QUERY(TRANSPOSE(C11:E11), ""SELECT * ORDER BY Col1 DESC LIMIT 2""))"),82.5) -> 82.5 | G11: =RANK(F11,Botball_Scores[Seeding Total]) -> 15 | H11: =3/4*(1-(G11-1)/COUNTA(Botball_Scores[Team ID])) + 1/4*F11/MAX(Botball_Scores[[Seeding 1]:[Seeding 3]]) -> 0.1719975 | I11: 13 | J11: =(COUNT(Botball_Scores[DE Rank])-I11+1)/COUNT(Botball_Scores[DE Rank]) -> 0.33333333 | K11: 72.5 | L11: =K11/100 -> 0.725 | M11: {=RANK(L11,{Botball_Scores[Paper Score];Open_Scores[Paper Score]})} -> 11 | N11: 32 | P11: 94 | R11: =N11/54*1/3 + O11/85*1/3 + P11/94*1/3 -> 0.5308642 | S11: =L11*0.5 + R11*0.5 -> 0.6279321 | T11: =RANK(S11,Botball_Scores[Doc+Paper Score]) -> 9 | U11: =H11 + J11 + S11 -> 1.1332629 | V11: =RANK(U11,Botball_Scores[Overall Score]) -> 11
A12: =Teams!A12 -> 26-0620 | B12: {=_xlfn.XLOOKUP(A12,Botball[Team ID],Botball[Team Name], "")} -> Pfuscher | C12: 0 | D12: 41 | E12: 118 | F12: =IFERROR(__xludf.DUMMYFUNCTION("AVERAGE(QUERY(TRANSPOSE(C12:E12), ""SELECT * ORDER BY Col1 DESC LIMIT 2""))"),79.5) -> 79.5 | G12: =RANK(F12,Botball_Scores[Seeding Total]) -> 16 | H12: =3/4*(1-(G12-1)/COUNTA(Botball_Scores[Team ID])) + 1/4*F12/MAX(Botball_Scores[[Seeding 1]:[Seeding 3]]) -> 0.13013699 | I12: 9 | J12: =(COUNT(Botball_Scores[DE Rank])-I12+1)/COUNT(Botball_Scores[DE Rank]) -> 0.55555556 | L12: =K12/100 -> 0 | M12: {=RANK(L12,{Botball_Scores[Paper Score];Open_Scores[Paper Score]})} -> 18 | R12: =N12/54*1/3 + O12/85*1/3 + P12/94*1/3 -> 0 | S12: =L12*0.5 + R12*0.5 -> 0 | T12: =RANK(S12,Botball_Scores[Doc+Paper Score]) -> 14 | U12: =H12 + J12 + S12 -> 0.68569254 | V12: =RANK(U12,Botball_Scores[Overall Score]) -> 15
A13: =Teams!A13 -> 26-0622 | B13: {=_xlfn.XLOOKUP(A13,Botball[Team ID],Botball[Team Name], "")} -> Teamname to be announced | C13: 0 | D13: 41 | E13: 154 | F13: =IFERROR(__xludf.DUMMYFUNCTION("AVERAGE(QUERY(TRANSPOSE(C13:E13), ""SELECT * ORDER BY Col1 DESC LIMIT 2""))"),97.5) -> 97.5 | G13: =RANK(F13,Botball_Scores[Seeding Total]) -> 12 | H13: =3/4*(1-(G13-1)/COUNTA(Botball_Scores[Team ID])) + 1/4*F13/MAX(Botball_Scores[[Seeding 1]:[Seeding 3]]) -> 0.29796674 | I13: 9 | J13: =(COUNT(Botball_Scores[DE Rank])-I13+1)/COUNT(Botball_Scores[DE Rank]) -> 0.55555556 | K13: 82.5 | L13: =K13/100 -> 0.825 | M13: {=RANK(L13,{Botball_Scores[Paper Score];Open_Scores[Paper Score]})} -> 8 | N13: 26 | O13: 85 | P13: 94 | R13: =N13/54*1/3 + O13/85*1/3 + P13/94*1/3 -> 0.82716049 | S13: =L13*0.5 + R13*0.5 -> 0.82608025 | T13: =RANK(S13,Botball_Scores[Doc+Paper Score]) -> 5 | U13: =H13 + J13 + S13 -> 1.6796025 | V13: =RANK(U13,Botball_Scores[Overall Score]) -> 7
A14: =Teams!A14 -> 26-0624 | B14: {=_xlfn.XLOOKUP(A14,Botball[Team ID],Botball[Team Name], "")} -> roboDIC | C14: 0 | D14: 0 | E14: 33 | F14: =IFERROR(__xludf.DUMMYFUNCTION("AVERAGE(QUERY(TRANSPOSE(C14:E14), ""SELECT * ORDER BY Col1 DESC LIMIT 2""))"),16.5) -> 16.5 | G14: =RANK(F14,Botball_Scores[Seeding Total]) -> 18 | H14: =3/4*(1-(G14-1)/COUNTA(Botball_Scores[Team ID])) + 1/4*F14/MAX(Botball_Scores[[Seeding 1]:[Seeding 3]]) -> 0.042732834 | I14: 17 | J14: =(COUNT(Botball_Scores[DE Rank])-I14+1)/COUNT(Botball_Scores[DE Rank]) -> 0.11111111 | L14: =K14/100 -> 0 | M14: {=RANK(L14,{Botball_Scores[Paper Score];Open_Scores[Paper Score]})} -> 18 | R14: =N14/54*1/3 + O14/85*1/3 + P14/94*1/3 -> 0 | S14: =L14*0.5 + R14*0.5 -> 0 | T14: =RANK(S14,Botball_Scores[Doc+Paper Score]) -> 14 | U14: =H14 + J14 + S14 -> 0.15384394 | V14: =RANK(U14,Botball_Scores[Overall Score]) -> 18
A15: =Teams!A15 -> 26-0625 | B15: {=_xlfn.XLOOKUP(A15,Botball[Team ID],Botball[Team Name], "")} -> NotImplementedException | C15: 18 | D15: 31 | E15: 26 | F15: =IFERROR(__xludf.DUMMYFUNCTION("AVERAGE(QUERY(TRANSPOSE(C15:E15), ""SELECT * ORDER BY Col1 DESC LIMIT 2""))"),28.5) -> 28.5 | G15: =RANK(F15,Botball_Scores[Seeding Total]) -> 17 | H15: =3/4*(1-(G15-1)/COUNTA(Botball_Scores[Team ID])) + 1/4*F15/MAX(Botball_Scores[[Seeding 1]:[Seeding 3]]) -> 0.085174894 | I15: 17 | J15: =(COUNT(Botball_Scores[DE Rank])-I15+1)/COUNT(Botball_Scores[DE Rank]) -> 0.11111111 | K15: 53.5 | L15: =K15/100 -> 0.535 | M15: {=RANK(L15,{Botball_Scores[Paper Score];Open_Scores[Paper Score]})} -> 16 | N15: 54 | O15: 85 | P15: 94 | R15: =N15/54*1/3 + O15/85*1/3 + P15/94*1/3 -> 1 | S15: =L15*0.5 + R15*0.5 -> 0.7675 | T15: =RANK(S15,Botball_Scores[Doc+Paper Score]) -> 8 | U15: =H15 + J15 + S15 -> 0.96378601 | V15: =RANK(U15,Botball_Scores[Overall Score]) -> 12
A16: =Teams!A16 -> 26-0628 | B16: {=_xlfn.XLOOKUP(A16,Botball[Team ID],Botball[Team Name], "")} -> LiTec-3ABHIT | C16: 46 | D16: 130 | E16: 43 | F16: =IFERROR(__xludf.DUMMYFUNCTION("AVERAGE(QUERY(TRANSPOSE(C16:E16), ""SELECT * ORDER BY Col1 DESC LIMIT 2""))"),88.0) -> 88 | G16: =RANK(F16,Botball_Scores[Seeding Total]) -> 14 | H16: =3/4*(1-(G16-1)/COUNTA(Botball_Scores[Team ID])) + 1/4*F16/MAX(Botball_Scores[[Seeding 1]:[Seeding 3]]) -> 0.21401956 | I16: 13 | J16: =(COUNT(Botball_Scores[DE Rank])-I16+1)/COUNT(Botball_Scores[DE Rank]) -> 0.33333333 | L16: =K16/100 -> 0 | M16: {=RANK(L16,{Botball_Scores[Paper Score];Open_Scores[Paper Score]})} -> 18 | R16: =N16/54*1/3 + O16/85*1/3 + P16/94*1/3 -> 0 | S16: =L16*0.5 + R16*0.5 -> 0 | T16: =RANK(S16,Botball_Scores[Doc+Paper Score]) -> 14 | U16: =H16 + J16 + S16 -> 0.54735289 | V16: =RANK(U16,Botball_Scores[Overall Score]) -> 17
A17: =Teams!A17 -> 26-0629 | B17: {=_xlfn.XLOOKUP(A17,Botball[Team ID],Botball[Team Name], "")} -> Kurzschlusskommando | C17: 67 | D17: 134 | E17: 133 | F17: =IFERROR(__xludf.DUMMYFUNCTION("AVERAGE(QUERY(TRANSPOSE(C17:E17), ""SELECT * ORDER BY Col1 DESC LIMIT 2""))"),133.5) -> 133.5 | G17: =RANK(F17,Botball_Scores[Seeding Total]) -> 11 | H17: =3/4*(1-(G17-1)/COUNTA(Botball_Scores[Team ID])) + 1/4*F17/MAX(Botball_Scores[[Seeding 1]:[Seeding 3]]) -> 0.34195959 | I17: 5 | J17: =(COUNT(Botball_Scores[DE Rank])-I17+1)/COUNT(Botball_Scores[DE Rank]) -> 0.77777778 | L17: =K17/100 -> 0 | M17: {=RANK(L17,{Botball_Scores[Paper Score];Open_Scores[Paper Score]})} -> 18 | N17: 24 | P17: 94 | R17: =N17/54*1/3 + O17/85*1/3 + P17/94*1/3 -> 0.48148148 | S17: =L17*0.5 + R17*0.5 -> 0.24074074 | T17: =RANK(S17,Botball_Scores[Doc+Paper Score]) -> 12 | U17: =H17 + J17 + S17 -> 1.3604781 | V17: =RANK(U17,Botball_Scores[Overall Score]) -> 10
A18: =Teams!A18 -> 26-0635 | B18: {=_xlfn.XLOOKUP(A18,Botball[Team ID],Botball[Team Name], "")} -> 6502 Squirrels | C18: 0 | D18: 390 | E18: 242 | F18: =IFERROR(__xludf.DUMMYFUNCTION("AVERAGE(QUERY(TRANSPOSE(C18:E18), ""SELECT * ORDER BY Col1 DESC LIMIT 2""))"),316.0) -> 316 | G18: =RANK(F18,Botball_Scores[Seeding Total]) -> 7 | H18: =3/4*(1-(G18-1)/COUNTA(Botball_Scores[Team ID])) + 1/4*F18/MAX(Botball_Scores[[Seeding 1]:[Seeding 3]]) -> 0.52041871 | I18: 4 | J18: =(COUNT(Botball_Scores[DE Rank])-I18+1)/COUNT(Botball_Scores[DE Rank]) -> 0.83333333 | K18: 87.5 | L18: =K18/100 -> 0.875 | M18: {=RANK(L18,{Botball_Scores[Paper Score];Open_Scores[Paper Score]})} -> 6 | N18: 54 | O18: 85 | P18: 94 | R18: =N18/54*1/3 + O18/85*1/3 + P18/94*1/3 -> 1 | S18: =L18*0.5 + R18*0.5 -> 0.9375 | T18: =RANK(S18,Botball_Scores[Doc+Paper Score]) -> 2 | U18: =H18 + J18 + S18 -> 2.291252 | V18: =RANK(U18,Botball_Scores[Overall Score]) -> 4
A19: =Teams!A19 -> 26-0663 | B19: {=_xlfn.XLOOKUP(A19,Botball[Team ID],Botball[Team Name], "")} -> Titan | C19: 21 | D19: 0 | E19: 169 | F19: =IFERROR(__xludf.DUMMYFUNCTION("AVERAGE(QUERY(TRANSPOSE(C19:E19), ""SELECT * ORDER BY Col1 DESC LIMIT 2""))"),95.0) -> 95 | G19: =RANK(F19,Botball_Scores[Seeding Total]) -> 13 | H19: =3/4*(1-(G19-1)/COUNTA(Botball_Scores[Team ID])) + 1/4*F19/MAX(Botball_Scores[[Seeding 1]:[Seeding 3]]) -> 0.25613854 | I19: 13 | J19: =(COUNT(Botball_Scores[DE Rank])-I19+1)/COUNT(Botball_Scores[DE Rank]) -> 0.33333333 | L19: =K19/100 -> 0 | M19: {=RANK(L19,{Botball_Scores[Paper Score];Open_Scores[Paper Score]})} -> 18 | R19: =N19/54*1/3 + O19/85*1/3 + P19/94*1/3 -> 0 | S19: =L19*0.5 + R19*0.5 -> 0 | T19: =RANK(S19,Botball_Scores[Doc+Paper Score]) -> 14 | U19: =H19 + J19 + S19 -> 0.58947187 | V19: =RANK(U19,Botball_Scores[Overall Score]) -> 16
A20: =Teams!A20 -> 26-0787 | B20: {=_xlfn.XLOOKUP(A20,Botball[Team ID],Botball[Team Name], "")} -> Hammered Screws | C20: 32 | D20: 78 | E20: 190 | F20: =IFERROR(__xludf.DUMMYFUNCTION("AVERAGE(QUERY(TRANSPOSE(C20:E20), ""SELECT * ORDER BY Col1 DESC LIMIT 2""))"),134.0) -> 134 | G20: =RANK(F20,Botball_Scores[Seeding Total]) -> 10 | H20: =3/4*(1-(G20-1)/COUNTA(Botball_Scores[Team ID])) + 1/4*F20/MAX(Botball_Scores[[Seeding 1]:[Seeding 3]]) -> 0.38365857 | I20: 9 | J20: =(COUNT(Botball_Scores[DE Rank])-I20+1)/COUNT(Botball_Scores[DE Rank]) -> 0.55555556 | L20: =K20/100 -> 0 | M20: {=RANK(L20,{Botball_Scores[Paper Score];Open_Scores[Paper Score]})} -> 18 | R20: =N20/54*1/3 + O20/85*1/3 + P20/94*1/3 -> 0 | S20: =L20*0.5 + R20*0.5 -> 0 | T20: =RANK(S20,Botball_Scores[Doc+Paper Score]) -> 14 | U20: =H20 + J20 + S20 -> 0.93921412 | V20: =RANK(U20,Botball_Scores[Overall Score]) -> 13
A22: Team ID | B22: Team Name | C22: Seeding 1 | D22: Seeding 2 | E22: Seeding 3 | F22: Seeding Total | G22: Seeding Rank | H22: Seeding Score | I22: DE Rank | J22: DE Score | K22: Paper | L22: Paper Score | M22: Paper Rank | N22: Doc P1 | O22: Doc P2 | P22: Doc P3 | Q22: Onsite | R22: Doc Score | S22: Doc+Paper Score | T22: Doc+Paper Rank | U22: Overall Score | V22: Overall Rank
A23: =Teams!A23 -> OP-0059 | B23: =Teams!B23 -> Snackkarotten | C23: 1507 | D23: 1930 | E23: 1819 | F23: =IFERROR(__xludf.DUMMYFUNCTION("AVERAGE(QUERY(SORT(TRANSPOSE(C23:E23), 1, FALSE), ""SELECT * LIMIT 2""))"),1874.5) -> 1874.5 | G23: =RANK(F23,Open_Scores[Seeding Total]) -> 1 | H23: =3/4*(1-(G23-1)/COUNTA(Open_Scores[Team ID])) + 1/4*F23/MAX(Open_Scores[[Seeding 1]:[Seeding 3]]) -> 0.99281088 | I23: 1 | J23: =(COUNT(Open_Scores[DE Rank])-I23+1)/COUNT(Open_Scores[DE Rank]) -> 1 | K23: 78.5 | L23: =K23/100 -> 0.785 | M23: {=RANK(L23,{Botball_Scores[Paper Score];Open_Scores[Paper Score]})} -> 9 | U23: =H23 + J23 + S23 -> 1.9928109 | V23: =RANK(U23,Open_Scores[Overall Score]) -> 1
A24: =Teams!A24 -> OP-0061 | B24: {=_xlfn.XLOOKUP(A24,Open[Team ID],Open[Team Name], "")} -> Error0x43 | C24: 29 | D24: 240 | E24: 457 | F24: =IFERROR(__xludf.DUMMYFUNCTION("AVERAGE(QUERY(SORT(TRANSPOSE(C24:E24), 1, FALSE), ""SELECT * LIMIT 2""))"),348.5) -> 348.5 | G24: =RANK(F24,Open_Scores[Seeding Total]) -> 3 | H24: =3/4*(1-(G24-1)/COUNTA(Open_Scores[Team ID])) + 1/4*F24/MAX(Open_Scores[[Seeding 1]:[Seeding 3]]) -> 0.60764249 | I24: 4 | J24: =(COUNT(Open_Scores[DE Rank])-I24+1)/COUNT(Open_Scores[DE Rank]) -> 0.625 | L24: =K24/100 -> 0 | M24: {=RANK(L24,{Botball_Scores[Paper Score];Open_Scores[Paper Score]})} -> 18 | U24: =H24 + J24 + S24 -> 1.2326425 | V24: =RANK(U24,Open_Scores[Overall Score]) -> 3
A25: =Teams!A25 -> OP-0062 | B25: {=_xlfn.XLOOKUP(A25,Open[Team ID],Open[Team Name], "")} -> SAYAS | C25: 1284 | D25: 35 | E25: 1306 | F25: =IFERROR(__xludf.DUMMYFUNCTION("AVERAGE(QUERY(SORT(TRANSPOSE(C25:E25), 1, FALSE), ""SELECT * LIMIT 2""))"),1295.0) -> 1295 | G25: =RANK(F25,Open_Scores[Seeding Total]) -> 2 | H25: =3/4*(1-(G25-1)/COUNTA(Open_Scores[Team ID])) + 1/4*F25/MAX(Open_Scores[[Seeding 1]:[Seeding 3]]) -> 0.82399611 | I25: 2 | J25: =(COUNT(Open_Scores[DE Rank])-I25+1)/COUNT(Open_Scores[DE Rank]) -> 0.875 | K25: 89 | L25: =K25/100 -> 0.89 | M25: {=RANK(L25,{Botball_Scores[Paper Score];Open_Scores[Paper Score]})} -> 5 | U25: =H25 + J25 + S25 -> 1.6989961 | V25: =RANK(U25,Open_Scores[Overall Score]) -> 2
A26: =Teams!A26 -> OP-0063 | B26: {=_xlfn.XLOOKUP(A26,Open[Team ID],Open[Team Name], "")} -> CursedBytes | C26: 145 | D26: 236 | E26: 253 | F26: =IFERROR(__xludf.DUMMYFUNCTION("AVERAGE(QUERY(SORT(TRANSPOSE(C26:E26), 1, FALSE), ""SELECT * LIMIT 2""))"),244.5) -> 244.5 | G26: =RANK(F26,Open_Scores[Seeding Total]) -> 4 | H26: =3/4*(1-(G26-1)/COUNTA(Open_Scores[Team ID])) + 1/4*F26/MAX(Open_Scores[[Seeding 1]:[Seeding 3]]) -> 0.50042098 | I26: 5 | J26: =(COUNT(Open_Scores[DE Rank])-I26+1)/COUNT(Open_Scores[DE Rank]) -> 0.5 | K26: 98 | L26: =K26/100 -> 0.98 | M26: {=RANK(L26,{Botball_Scores[Paper Score];Open_Scores[Paper Score]})} -> 3 | U26: =H26 + J26 + S26 -> 1.000421 | V26: =RANK(U26,Open_Scores[Overall Score]) -> 5
A27: =Teams!A27 -> OP-0064 | B27: {=_xlfn.XLOOKUP(A27,Open[Team ID],Open[Team Name], "")} -> Tracer | C27: 159 | D27: 128 | E27: 76 | F27: =IFERROR(__xludf.DUMMYFUNCTION("AVERAGE(QUERY(SORT(TRANSPOSE(C27:E27), 1, FALSE), ""SELECT * LIMIT 2""))"),143.5) -> 143.5 | G27: =RANK(F27,Open_Scores[Seeding Total]) -> 6 | H27: =3/4*(1-(G27-1)/COUNTA(Open_Scores[Team ID])) + 1/4*F27/MAX(Open_Scores[[Seeding 1]:[Seeding 3]]) -> 0.29983808 | I27: 5 | J27: =(COUNT(Open_Scores[DE Rank])-I27+1)/COUNT(Open_Scores[DE Rank]) -> 0.5 | K27: 100 | L27: =K27/100 -> 1 | M27: {=RANK(L27,{Botball_Scores[Paper Score];Open_Scores[Paper Score]})} -> 1 | U27: =H27 + J27 + S27 -> 0.79983808 | V27: =RANK(U27,Open_Scores[Overall Score]) -> 6
A28: =Teams!A28 -> OP-0065 | B28: {=_xlfn.XLOOKUP(A28,Open[Team ID],Open[Team Name], "")} -> Inchident | C28: 146 | D28: 39 | E28: 236 | F28: =IFERROR(__xludf.DUMMYFUNCTION("AVERAGE(QUERY(SORT(TRANSPOSE(C28:E28), 1, FALSE), ""SELECT * LIMIT 2""))"),191.0) -> 191 | G28: =RANK(F28,Open_Scores[Seeding Total]) -> 5 | H28: =3/4*(1-(G28-1)/COUNTA(Open_Scores[Team ID])) + 1/4*F28/MAX(Open_Scores[[Seeding 1]:[Seeding 3]]) -> 0.39974093 | I28: 3 | J28: =(COUNT(Open_Scores[DE Rank])-I28+1)/COUNT(Open_Scores[DE Rank]) -> 0.75 | K28: 68.5 | L28: =K28/100 -> 0.685 | M28: {=RANK(L28,{Botball_Scores[Paper Score];Open_Scores[Paper Score]})} -> 13 | U28: =H28 + J28 + S28 -> 1.1497409 | V28: =RANK(U28,Open_Scores[Overall Score]) -> 4
A29: =Teams!A29 -> OP-0066 | B29: {=_xlfn.XLOOKUP(A29,Open[Team ID],Open[Team Name], "")} -> Abmeldekommando | C29: 18 | D29: 29 | E29: 44 | F29: =IFERROR(__xludf.DUMMYFUNCTION("AVERAGE(QUERY(SORT(TRANSPOSE(C29:E29), 1, FALSE), ""SELECT * LIMIT 2""))"),36.5) -> 36.5 | G29: =RANK(F29,Open_Scores[Seeding Total]) -> 7 | H29: =3/4*(1-(G29-1)/COUNTA(Open_Scores[Team ID])) + 1/4*F29/MAX(Open_Scores[[Seeding 1]:[Seeding 3]]) -> 0.19222798 | I29: 7 | J29: =(COUNT(Open_Scores[DE Rank])-I29+1)/COUNT(Open_Scores[DE Rank]) -> 0.25 | K29: 50.5 | L29: =K29/100 -> 0.505 | M29: {=RANK(L29,{Botball_Scores[Paper Score];Open_Scores[Paper Score]})} -> 17 | U29: =H29 + J29 + S29 -> 0.44222798 | V29: =RANK(U29,Open_Scores[Overall Score]) -> 7
A30: =Teams!A30 -> OP-0067 | B30: {=_xlfn.XLOOKUP(A30,Open[Team ID],Open[Team Name], "")} -> Cyber Warrior III | C30: 31 | D30: 29 | E30: 42 | F30: =IFERROR(__xludf.DUMMYFUNCTION("AVERAGE(QUERY(SORT(TRANSPOSE(C30:E30), 1, FALSE), ""SELECT * LIMIT 2""))"),36.5) -> 36.5 | G30: =RANK(F30,Open_Scores[Seeding Total]) -> 7 | H30: =3/4*(1-(G30-1)/COUNTA(Open_Scores[Team ID])) + 1/4*F30/MAX(Open_Scores[[Seeding 1]:[Seeding 3]]) -> 0.19222798 | I30: 7 | J30: =(COUNT(Open_Scores[DE Rank])-I30+1)/COUNT(Open_Scores[DE Rank]) -> 0.25 | K30: 70.5 | L30: =K30/100 -> 0.705 | M30: {=RANK(L30,{Botball_Scores[Paper Score];Open_Scores[Paper Score]})} -> 12 | U30: =H30 + J30 + S30 -> 0.44222798 | V30: =RANK(U30,Open_Scores[Overall Score]) -> 7

Sheet Aerial
A2: Team ID | B2: Team Name | C2: Run 1 | D2: Run 2 | E2: Run 3 | F2: Run 4 | G2: Run 5 | H2: Run 6 | I2: Score | J2: Rank
A3: AE-0013 | B3: {=_xlfn.XLOOKUP(A3,Aerial[Team ID],Aerial[Team Name], "")} -> Drone Masters | C3: 70 | D3: 52.5 | E3: 115 | F3: 30 | G3: 60 | H3: 105 | I3: =AVERAGE(LARGE(C3:H3,1),LARGE(C3:H3,2),LARGE(C3:H3,3)) -> 96.666667 | J3: =RANK(I3,Aerial_Scores[Score]) -> 4
A4: AE-0011 | B4: {=_xlfn.XLOOKUP(A4,Aerial[Team ID],Aerial[Team Name], "")} -> Lavadrone | C4: 40 | D4: 85 | E4: 60 | F4: 30 | G4: 95 | H4: 105 | I4: =AVERAGE(LARGE(C4:H4,1),LARGE(C4:H4,2),LARGE(C4:H4,3)) -> 95 | J4: =RANK(I4,Aerial_Scores[Score]) -> 5
A5: AE-0014 | B5: {=_xlfn.XLOOKUP(A5,Aerial[Team ID],Aerial[Team Name], "")} -> EVA-01 | C5: 75 | D5: 0 | E5: 30 | F5: 125 | G5: 75 | H5: 110 | I5: =AVERAGE(LARGE(C5:H5,1),LARGE(C5:H5,2),LARGE(C5:H5,3)) -> 103.33333 | J5: =RANK(I5,Aerial_Scores[Score]) -> 2
A6: AE-0015 | B6: {=_xlfn.XLOOKUP(A6,Aerial[Team ID],Aerial[Team Name], "")} -> Die blauen Bananen | C6: 0 | D6: 120 | E6: 110 | F6: 130 | G6: 85 | H6: 30 | I6: =AVERAGE(LARGE(C6:H6,1),LARGE(C6:H6,2),LARGE(C6:H6,3)) -> 120 | J6: =RANK(I6,Aerial_Scores[Score]) -> 1
A7: AE-0016 | B7: {=_xlfn.XLOOKUP(A7,Aerial[Team ID],Aerial[Team Name], "")} -> Custodis Aeris | C7: 55 | D7: 75 | E7: 125 | F7: 100 | G7: 60 | H7: 30 | I7: =AVERAGE(LARGE(C7:H7,1),LARGE(C7:H7,2),LARGE(C7:H7,3)) -> 100 | J7: =RANK(I7,Aerial_Scores[Score]) -> 3
A8: AE-0017 | B8: {=_xlfn.XLOOKUP(A8,Aerial[Team ID],Aerial[Team Name], "")} -> BGZ1 | C8: 100 | D8: 40 | E8: 30 | F8: 75 | G8: 30 | H8: 100 | I8: =AVERAGE(LARGE(C8:H8,1),LARGE(C8:H8,2),LARGE(C8:H8,3)) -> 91.666667 | J8: =RANK(I8,Aerial_Scores[Score]) -> 6
A9: AE-0018 | B9: {=_xlfn.XLOOKUP(A9,Aerial[Team ID],Aerial[Team Name], "")} -> BGZ2 | C9: 55 | D9: 20 | E9: 85 | F9: 30 | G9: 30 | H9: 85 | I9: =AVERAGE(LARGE(C9:H9,1),LARGE(C9:H9,2),LARGE(C9:H9,3)) -> 75 | J9: =RANK(I9,Aerial_Scores[Score]) -> 7

Sheet Alliance
A2: Team ID | B2: Team Name | C2: Rank
A3: AL-0001 | B3: {=_xlfn.XLOOKUP(A3,Alliance[Team ID],Alliance[Team Name], "")} -> roboDIC & cursedBytes | C3: 5
A4: AL-0002 | B4: {=_xlfn.XLOOKUP(A4,Alliance[Team ID],Alliance[Team Name], "")} -> Pfuscher & Failure Management | C4: 1
A5: AL-0003 | B5: {=_xlfn.XLOOKUP(A5,Alliance[Team ID],Alliance[Team Name], "")} -> Die Hackler & NotImplementedException | C5: 7
A6: AL-0004 | B6: {=_xlfn.XLOOKUP(A6,Alliance[Team ID],Alliance[Team Name], "")} -> Hammered Screws & Cyber Warrior III | C6: 5
A7: AL-0005 | B7: {=_xlfn.XLOOKUP(A7,Alliance[Team ID],Alliance[Team Name], "")} -> Lord of the Bots & tracer | C7: 3
A8: AL-0006 | B8: {=_xlfn.XLOOKUP(A8,Alliance[Team ID],Alliance[Team Name], "")} -> Teamname to be announced & Abmeldekommando | C8: 4
A9: AL-0007 | B9: {=_xlfn.XLOOKUP(A9,Alliance[Team ID],Alliance[Team Name], "")} -> LiTec-3ABHIT & Titan | C9: 2

Sheet Junior Botball Challenge
A2: Team ID | B2: Team Name | C2: Points for Solved Challenges | D2: Rank
A3: JBC-001 | B3: {=_xlfn.XLOOKUP(A3,Junior_Botball_Challenge[Team ID],Junior_Botball_Challenge[Team Name], "")} -> 3aSiegharts_A | C3: 18 | D3: =RANK(C3,Junior_Botball_Challenge_Scores[Points for Solved Challenges]) -> 2
A4: JBC-002 | B4: {=_xlfn.XLOOKUP(A4,Junior_Botball_Challenge[Team ID],Junior_Botball_Challenge[Team Name], "")} -> 3aSiegharts_B | C4: 10 | D4: =RANK(C4,Junior_Botball_Challenge_Scores[Points for Solved Challenges]) -> 10
A5: JBC-003 | B5: {=_xlfn.XLOOKUP(A5,Junior_Botball_Challenge[Team ID],Junior_Botball_Challenge[Team Name], "")} -> Mr_PC | C5: 7 | D5: =RANK(C5,Junior_Botball_Challenge_Scores[Points for Solved Challenges]) -> 12
A6: JBC-004 | B6: {=_xlfn.XLOOKUP(A6,Junior_Botball_Challenge[Team ID],Junior_Botball_Challenge[Team Name], "")} -> TucTucTuTu | C6: 7 | D6: =RANK(C6,Junior_Botball_Challenge_Scores[Points for Solved Challenges]) -> 12
A7: JBC-005 | B7: {=_xlfn.XLOOKUP(A7,Junior_Botball_Challenge[Team ID],Junior_Botball_Challenge[Team Name], "")} -> Hackerjavi | C7: 11 | D7: =RANK(C7,Junior_Botball_Challenge_Scores[Points for Solved Challenges]) -> 9
A8: JBC-006 | B8: {=_xlfn.XLOOKUP(A8,Junior_Botball_Challenge[Team ID],Junior_Botball_Challenge[Team Name], "")} -> Duzen | C8: 7 | D8: =RANK(C8,Junior_Botball_Challenge_Scores[Points for Solved Challenges]) -> 12
A9: JBC-007 | B9: {=_xlfn.XLOOKUP(A9,Junior_Botball_Challenge[Team ID],Junior_Botball_Challenge[Team Name], "")} -> Jamo | C9: 14 | D9: =RANK(C9,Junior_Botball_Challenge_Scores[Points for Solved Challenges]) -> 6
A10: JBC-008 | B10: {=_xlfn.XLOOKUP(A10,Junior_Botball_Challenge[Team ID],Junior_Botball_Challenge[Team Name], "")} -> Biis | C10: 15 | D10: =RANK(C10,Junior_Botball_Challenge_Scores[Points for Solved Challenges]) -> 4
A11: JBC-009 | B11: {=_xlfn.XLOOKUP(A11,Junior_Botball_Challenge[Team ID],Junior_Botball_Challenge[Team Name], "")} -> BEst SIlent CHaos | C11: 21 | D11: =RANK(C11,Junior_Botball_Challenge_Scores[Points for Solved Challenges]) -> 1
A12: JBC-010 | B12: {=_xlfn.XLOOKUP(A12,Junior_Botball_Challenge[Team ID],Junior_Botball_Challenge[Team Name], "")} -> MS Böheimkirchen | C12: 8 | D12: =RANK(C12,Junior_Botball_Challenge_Scores[Points for Solved Challenges]) -> 11
A13: JBC-011 | B13: {=_xlfn.XLOOKUP(A13,Junior_Botball_Challenge[Team ID],Junior_Botball_Challenge[Team Name], "")} -> SK_Lation | C13: 12 | D13: =RANK(C13,Junior_Botball_Challenge_Scores[Points for Solved Challenges]) -> 8
A14: JBC-012 | B14: {=_xlfn.XLOOKUP(A14,Junior_Botball_Challenge[Team ID],Junior_Botball_Challenge[Team Name], "")} -> Robtik8 | C14: 14 | D14: =RANK(C14,Junior_Botball_Challenge_Scores[Points for Solved Challenges]) -> 6
... A16: JBC-014 | B16: {=_xlfn.XLOOKUP(A16,Junior_Botball_Challenge[Team ID],Junior_Botball_Challenge[Team Name], "")} -> EMS Prinzersdorf 2 | C16: 15 | D16: =RANK(C16,Junior_Botball_Challenge_Scores[Points for Solved Challenges]) -> 4
B17: {=_xlfn.XLOOKUP(A17,Junior_Botball_Challenge[Team ID],Junior_Botball_Challenge[Team Name], "")}
